couches;2;3;2;3;

poids0;9.053636681041445;9.003979976205418;9.03572639465438;-1.955766770158293;-1.9310874551103037;-1.9373902046484244;
poids1;-3.3572304813891516;3.5950859067405374;-3.386661689115037;3.386683023928696;-3.3687048663381893;3.507537991591959;
poids2;0.13769785648031838;-0.6645142607270579;-0.32568750909629735;0.442656262722982;0.39652870204509283;0.38927064469108613;
