couches;2;3;2;3;

poids0;7.049314129800817;7.005118050045289;7.044536323413129;-1.4645123500358592;-1.4030865607716465;-1.4058920242050648;
poids1;-2.620682965145448;2.840777063710676;-2.6440333933890625;2.666802128856575;-2.6287980598579166;2.773997178579266;
poids2;0.21980006058674462;-0.7941045928784667;-0.3247493560706082;0.4284387076500632;0.40030232043522557;0.39560805066703786;
