couches;2;3;2;3;

poids0;7.46534281240708;7.409267167030305;7.449455783050352;-1.5674802886728525;-1.519765592260076;-1.5254173156876123;
poids1;-2.7779698203755467;3.0088597720968204;-2.8073681445894825;2.8004786162596282;-2.7893261208206366;2.9212880898640052;
poids2;0.22884833830124507;-0.8095581734376308;-0.32635792614892395;0.44265799825312085;0.3967457501629955;0.38939018658181235;
