couches;2;3;2;3;

poids0;8.896782343066306;8.846551566589877;8.879011703727034;-1.9158808264926868;-1.8893588864152666;-1.8956269730291089;
poids1;-3.2967156005544775;3.5351942760136352;-3.32614686705539;3.326791451145516;-3.3081900088427925;3.4476463838148925;
poids2;0.13769769945043556;-0.664514207949646;-0.32568740404591684;0.44265715716048687;0.39653636089066546;0.3892756005295084;
